﻿Gene,Male_Presence,Male_Absence,Female_Presence,Female_Absence,or,lower,upper,midp.exact,fisher.exact,chi.square,reference,structure
ID13944,0,3,1,4,1.291025,0.02590204,64.24626,0.89,1,0.86,male/female,anterior cluster
KCD21,4,3,3,1,0.4995644,0.01286307,7.363286,0.64,1,0.55,male/female,anterior cluster
STEN,3,1,2,0,0.7173176,0.01717933,13.38378,0.83,1,0.78,male/female,anterior cluster
ID3252,1,3,0,2,1.394069,0.07471731,58.20949,0.83,1,0.78,male/female,anterior cluster
MT11,3,0,5,1,1.25343,0.07532017,48.64864,0.88,1,0.84,male/female,anterior cluster
LEUCIN,3,3,2,4,1.860354,0.1672491,25.42273,0.62,1,0.56,male/female,anterior cluster
DMRT,7,1,3,1,2.160244,0.0452638,102.8855,0.67,1,0.58,male/female,anterior cluster
MUCIN,1,2,5,0,0.1454926,0.003687495,2.019841,0.1616162,0.2222222,0.09768996,,