﻿Gene,Male_Presence,Male_Absence,Female_Presence,Female_Absence,or,lower,upper,midp.exact,fisher.exact,chi.square,reference,structure
ID13944,2,1,3,2,1.256835,0.05569254,58.01,0.89,1,0.85,male/female,tail
KCD21,5,0,1,0,2.645777,0.05184308,134.6,0.6,1,0.49,male/female,tail
STEN,2,1,1,0,0.7956664,0.01723794,17.96,0.89,1,0.85,male/female,tail
ID3252,0,3,1,0,0.177404,0.003481372,4.13,0.3,0.46,0.19,male/female,tail
MT11,2,2,2,2,1,0.05020275,19.92,1,1,1,male/female,tail
LEUCIN,1,3,0,4,2.224733,0.1327077,87.42,0.59,1,0.5,male/female,tail
DMRT,9,1,8,1,1.118029,0.02577023,48.51,0.95,1,0.94,male/female,tail
MUCIN,1,2,5,0,0.1454926,0.003687495,2.019841,0.1616162,0.2222222,0.09768996,male/female,tail