"wormID","SEX","gonial cluster","tail","anterior cluster"
"HCR#1 Ind1 61","female",0.285714285714286,0,NA
"HCR#1 Ind1 62","female",NA,NA,0
"HCR#1 Ind2 59","male",0.625,0,1
"HCR#1 Worm1 70","female",0,NA,NA
"HCR#1 Worm2 60","female",NA,NA,NA
"HCR#1 Worm2 70","female",0,NA,NA
"HCR#14 Ind1 47","male",1,NA,1
"HCR#14 Ind2 50-59","male",1,NA,1
"HCR#14 Ind3 43","unknown",1,1,1
"HCR#14 Ind4 40-49","unknown",NA,NA,1
"HCR#14 Ind5 40-49","female",0,1,1
"HCR#14 Ind6 64","male",1,NA,1
"HCR#14 Ind7 38","unknown",NA,1,1
"HCR#14 Ind8 40-49","unknown",NA,NA,1
"HCR#14 Ind9 46","female",0,1,1
"HCR#2 F2 60-69","female",0.25,NA,NA
"HCR#2 M1 70-79","male",0.875,NA,NA
"HCR#7 Ind1 39","male",0.5,1,0
"HCR#7 Ind2 41","male",0.75,1,1
"HCR#7 Ind3 38","unknown",0,NA,1
"HCR#7 Ind4 29","unknown",0,NA,0
"HCR#7 Ind5 43","male",0.5,1,1
"HCR#7 Ind6 45","unknown",NA,NA,1
"HCR#7 Ind7 47","unknown",NA,NA,0
"HCR#7 Ind8 40","unknown",NA,NA,NA
"HCR#9 A36 73","female",1,1,NA
"HCR#9 A40 76","male",1,1,NA
"HCR#9 A41 67","female",0.888888888888889,1,NA
"HCR#9 A42 60","male",1,NA,1
"HCR#9 A43 60","female",1.1,NA,1
"HCR#9 A45 69","female",1,1,NA
"HCR#9 A47 54","female",1,1,NA
"HCR#9 A48 48","male",1,1,NA
"HCR#9 A49 52","male",1,1,NA
"HCR#9 A53 50","male",1,1,NA
"HCR#9 A54 52","male",1,1,NA
"HCR#9 A55 45","female",1,1,NA
"HCR#9 A56 45","male",1,1,NA
"HCR#9 B21 70","female",1,NA,NA
"HCR#9 B27 77","female",1,1,NA
