"column_name","SEX","STRUCTURE","mean_ratio","sd_ratio","total_percentage","n_individuals","n_observations"
"ratio_MUCIN","female","anterior cluster",1,0,100,5,5
"ratio_MUCIN","female","gonial cluster",0.944444444444444,0.235702260395516,94.4444444444444,6,18
"ratio_MUCIN","female","tail",0.8,0.447213595499958,80,5,5
"ratio_MUCIN","male","anterior cluster",0.333333333333333,0.577350269189626,33.3333333333333,3,3
"ratio_MUCIN","male","gonial cluster",0.285714285714286,0.487950036474267,28.5714285714286,3,7
"ratio_MUCIN","male","tail",0.666666666666667,0.577350269189626,66.6666666666667,3,3
"ratio_MUCIN","unknown","anterior cluster",0.666666666666667,0.516397779494322,66.6666666666667,6,6
"ratio_MUCIN","unknown","gonial cluster",0.2,0.447213595499958,20,4,5
"ratio_MUCIN","unknown","tail",0.8,0.447213595499958,80,5,5
"ratio_13944","female","anterior cluster",0.2,0.447213595499958,20,5,5
"ratio_13944","female","gonial cluster",0.685185185185185,0.464029273110607,68.5185185185185,6,18
"ratio_13944","female","tail",0.6,0.547722557505166,60,5,5
"ratio_13944","male","anterior cluster",0,0,0,3,3
"ratio_13944","male","gonial cluster",0,0,0,3,7
"ratio_13944","male","tail",0.666666666666667,0.577350269189626,66.6666666666667,3,3
"ratio_13944","unknown","anterior cluster",0.166666666666667,0.408248290463863,16.6666666666667,6,6
"ratio_13944","unknown","gonial cluster",0,0,0,4,5
"ratio_13944","unknown","tail",0.2,0.447213595499958,20,5,5
"ratio_KCD21","female","anterior cluster",0.75,0.5,75,4,4
"ratio_KCD21","female","gonial cluster",0.772727272727273,0.428932027228889,77.2727272727273,4,22
"ratio_KCD21","female","tail",1,NA,100,1,1
"ratio_KCD21","male","anterior cluster",0.571428571428571,0.534522483824849,57.1428571428571,7,7
"ratio_KCD21","male","gonial cluster",0.518518518518518,0.509175077217316,51.8518518518518,6,27
"ratio_KCD21","male","tail",0,0,0,5,5
"ratio_KCD21","unknown","anterior cluster",0.25,0.5,25,4,4
"ratio_KCD21","unknown","gonial cluster",1,0,100,1,3
"ratio_KCD21","unknown","tail",0.4,0.547722557505166,40,5,5
"ratio_STEN","female","anterior cluster",1,0,100,2,2
"ratio_STEN","female","gonial cluster",0.666666666666667,0.492365963917331,66.6666666666667,2,12
"ratio_STEN","female","tail",1,NA,100,1,1
"ratio_STEN","male","anterior cluster",0.75,0.5,75,4,4
"ratio_STEN","male","gonial cluster",0.571428571428571,0.48468611999998,57.1428571428571,7,21
"ratio_STEN","male","tail",0.666666666666667,0.577350269189626,66.6666666666667,3,3
"ratio_3252","female","anterior cluster",0,0,0,2,2
"ratio_3252","female","gonial cluster",0.166666666666667,0.389249472080761,16.6666666666667,2,12
"ratio_3252","female","tail",1,NA,100,1,1
"ratio_3252","male","anterior cluster",0.25,0.5,25,4,4
"ratio_3252","male","gonial cluster",0.285714285714286,0.462910049886276,28.5714285714286,7,21
"ratio_3252","male","tail",0,0,0,3,3
"ratio_MT11","female","anterior cluster",0.857142857142857,0.377964473009227,85.7142857142857,7,7
"ratio_MT11","female","gonial cluster",0.808219178082192,0.396426196247848,80.8219178082192,14,73
"ratio_MT11","female","tail",0.6,0.516397779494322,60,10,10
"ratio_MT11","male","anterior cluster",1,0,100,4,4
"ratio_MT11","male","gonial cluster",0.359943977591036,0.470335890108217,35.9943977591036,13,68
"ratio_MT11","male","tail",0.5,0.52704627669473,50,10,10
"ratio_MT11","unknown","anterior cluster",0.875,0.353553390593274,87.5,8,8
"ratio_MT11","unknown","gonial cluster",0.5,0.52704627669473,50,4,10
"ratio_MT11","unknown","tail",0.6,0.516397779494322,60,10,10
"ratio_LEUCIN","female","anterior cluster",0.333333333333333,0.516397779494322,33.3333333333333,6,6
"ratio_LEUCIN","female","gonial cluster",0.333333333333333,0.480384461415261,33.3333333333333,6,27
"ratio_LEUCIN","female","tail",0,0,0,4,4
"ratio_LEUCIN","male","anterior cluster",1,0,100,3,3
"ratio_LEUCIN","male","gonial cluster",0.736842105263158,0.452413928358864,73.6842105263158,6,19
"ratio_LEUCIN","male","tail",0.25,0.5,25,4,4
"ratio_LEUCIN","unknown","anterior cluster",0.25,0.462910049886276,25,8,8
"ratio_LEUCIN","unknown","gonial cluster",0.3,0.483045891539648,30,4,10
"ratio_LEUCIN","unknown","tail",0.2,0.421637021355784,20,10,10
"ratio_DMRT","female","anterior cluster",0.75,0.5,75,4,4
"ratio_DMRT","female","gonial cluster",0.757142857142857,0.464249879171292,75.7142857142857,15,70
"ratio_DMRT","female","tail",0.888888888888889,0.333333333333333,88.8888888888889,9,9
"ratio_DMRT","male","anterior cluster",0.888888888888889,0.333333333333333,88.8888888888889,8,9
"ratio_DMRT","male","gonial cluster",0.91875,0.269125988095454,91.875,14,80
"ratio_DMRT","male","tail",0.9,0.316227766016838,90,10,10
"ratio_DMRT","unknown","anterior cluster",0.75,0.462910049886276,75,8,8
"ratio_DMRT","unknown","gonial cluster",0.666666666666667,0.516397779494322,66.6666666666667,3,6
"ratio_DMRT","unknown","tail",1,0,100,2,2
"ratio_PRMI","female","anterior cluster",0,NA,0,1,1
"ratio_PRMI","female","gonial cluster",1,NA,100,1,1
"ratio_PRMI","female","tail",0,NA,0,1,1
"ratio_PRMI","male","anterior cluster",1,NA,100,1,1
"ratio_PRMI","male","gonial cluster",0.625,0.517549169506766,62.5,1,8
"ratio_PRMI","male","tail",1,NA,100,1,1
