wormID,SEX,anterior cluster,gonial cluster,tail
HCR#1 Ind2,male,1,0.625,0
HCR#14 Ind1,male,1,1,NA
HCR#14 Ind2,male,1,1,NA
HCR#14 Ind6,male,1,1,NA
HCR#2 M1,male,NA,0.875,NA
HCR#7 Ind1,male,0,0.5,1
HCR#7 Ind2,male,1,0.75,1
HCR#7 Ind5,male,1,0.5,1
HCR#9 A40,male,NA,1,1
HCR#9 A42,male,1,1,NA
HCR#9 A48,male,NA,1,1
HCR#9 A49,male,NA,1,1
HCR#9 A53,male,NA,1,1
HCR#9 A54,male,NA,1,1
HCR#9 A56,male,NA,1,1
HCR#1 Ind1,female,0,0.285714286,0
HCR#1 Worm1,female,NA,0,NA
HCR#1 Worm2,female,NA,0,NA
HCR#14 Ind5,female,1,0,1
HCR#14 Ind9,female,1,0,1
HCR#2 F2,female,NA,0.25,NA
HCR#9 A36,female,NA,1,1
HCR#9 A41,female,NA,0.888888889,1
HCR#9 A43,female,1,1.1,NA
HCR#9 A45,female,NA,1,1
HCR#9 A47,female,NA,1,1
HCR#9 A55,female,NA,1,1
HCR#9 B21,female,NA,1,NA
HCR#9 B27,female,NA,1,1
HCR#14 Ind3,unknown,1,1,1
HCR#14 Ind4,unknown,1,NA,NA
HCR#14 Ind7,unknown,1,NA,1
HCR#14 Ind8,unknown,1,NA,NA
HCR#7 Ind3,unknown,1,0,NA
HCR#7 Ind4,unknown,0,0,NA
HCR#7 Ind6,unknown,1,NA,NA
HCR#7 Ind7,unknown,0,NA,NA
HCR#7 Ind8,unknown,NA,NA,NA