"wormID","SEX","anterior cluster","gonial cluster","tail"
"HCR#1 Ind1 61","male",NA,0.142857142857143,1
"HCR#1 Ind2 43","unknown",NA,NA,NA
"HCR#1 Ind3 76","male",NA,0,1
"HCR#1 Ind4 53","unknown",NA,NA,0
"HCR#1 Ind5 60-69","female",NA,0.2,NA
"HCR#11 Ind1 41","unknown",NA,NA,1
"HCR#11 Ind2 50-59","female",1,1,NA
"HCR#11 Ind3 37","unknown",1,1,1
"HCR#11 Ind4 63","male",1,0.8,NA
"HCR#11 Ind5 39","unknown",1,NA,1
"HCR#11 Ind6 35","unknown",1,1,NA
"HCR#11 Ind7 46","unknown",NA,NA,1
"HCR#11 Ind8 47","unknown",NA,0,1
"HCR#11 Ind9 40-49","unknown",NA,NA,NA
"HCR#2 Ind2 62","male",NA,0,NA
"HCR#4 Ind1 50","male",1,0.5,0
"HCR#4 Ind10 42","female",1,1,0
"HCR#4 Ind11 37","unknown",0,NA,1
"HCR#4 Ind12 49","female",0,NA,1
"HCR#4 Ind2 40-49","female",1,0.666666666666667,NA
"HCR#4 Ind3 67","male",1,0.6,0
"HCR#4 Ind4 20-39","unknown",1,NA,NA
"HCR#4 Ind5 43","female",1,0.833333333333333,0
"HCR#4 Ind6 46","unknown",1,0,0
"HCR#4 Ind7 42","female",1,1,1
"HCR#4 Ind8 45","unknown",1,NA,0
"HCR#4 Ind9 30","unknown",1,NA,0
"HCR#9 A36 73","female",NA,1,1
"HCR#9 A40 76","male",NA,0.133333333333333,0
"HCR#9 A41 67","female",NA,0.666666666666667,1
"HCR#9 A42 60","male",1,0.25,NA
"HCR#9 A43 60","female",1,0.7,NA
"HCR#9 A45 69","female",NA,1,1
"HCR#9 A47 54","female",NA,0.6,0
"HCR#9 A48 48","male",NA,0.285714285714286,1
"HCR#9 A49 52","male",NA,0.4,0
"HCR#9 A53 50","male",NA,1,1
"HCR#9 A54 52","male",NA,0,1
"HCR#9 A55 45","female",NA,1,1
"HCR#9 A56 45","male",NA,0.142857142857143,0
"HCR#9 B21 70","female",NA,1,NA
"HCR#9 B27 77","female",NA,1,0
