"wormID","SEX","gonial cluster","anterior cluster","tail"
"HCR#2 Ind1 50-59","unknown",NA,NA,NA
"HCR#2 Ind10 50-59","unknown",NA,NA,NA
"HCR#2 Ind11 55","unknown",NA,NA,NA
"HCR#2 Ind12 60-69","unknown",NA,NA,NA
"HCR#2 Ind2 60-69","female",NA,NA,NA
"HCR#2 Ind3 60-69","unknown",NA,NA,NA
"HCR#2 Ind4 60-69","unknown",NA,NA,NA
"HCR#2 Ind5 60-69","unknown",NA,NA,NA
"HCR#2 Ind6 70-79","unknown",NA,NA,NA
"HCR#2 Ind7 62","unknown",NA,NA,NA
"HCR#2 Ind8 52","unknown",NA,NA,NA
"HCR#2 Ind9 48","unknown",NA,NA,NA
"HCR#3 Ind10 65","male",0,1,0
"HCR#3 Ind11 47","male",0,NA,0
"HCR#3 Ind4 40-49","male",0,0,NA
"HCR#3 Ind5 57","female",0.2,0,1
"HCR#3 Ind6 70-79","male",0.75,0,NA
"HCR#3 Ind7 52","male",0.25,0,0
"HCR#3 Ind8 60-69","female",NA,NA,NA
"HCR#3 Ind9 40-49","female",0.142857142857143,0,NA
"HCR#4 Ind12 48","male",1,NA,NA
"HCR#5 Ind13 49","male",NA,NA,NA
"HCR#6 Ind14 50","male",NA,NA,NA
"HCR#7 Ind15 51","male",0,NA,NA
