"wormID","SEX","anterior cluster","gonial cluster","tail"
"HCR#1 F1 70-79","female",NA,NA,NA
"HCR#1 M2 70-79","male",NA,NA,NA
"HCR#13 Ind1 61","male",0,0,1
"HCR#13 Ind2 72","female",NA,0.666666666666667,1
"HCR#13 Ind3 56","female",0,0.666666666666667,1
"HCR#13 Ind4 44","unknown",0,0,0
"HCR#13 Ind5 43","female",1,1,1
"HCR#13 Ind6 45","female",0,0.666666666666667,NA
"HCR#13 Ind6 45","male",NA,NA,1
"HCR#6 Ind1 48","female",0,0.333333333333333,0
"HCR#6 Ind2 40","unknown",1,0,0
"HCR#6 Ind3 52","male",0,0,NA
"HCR#6 Ind4 36","unknown",0,0,1
"HCR#6 Ind5 46","female",0,1,0
"HCR#6 Ind6 41","male",0,0,0
"HCR#6 Ind7 41","unknown",0,0,NA
"HCR#6 Ind8 42","unknown",0,NA,0
"HCR#6 Ind9 34","unknown",0,NA,0
"HCR#9 A36 73","female",NA,NA,NA
"HCR#9 A40 76","male",NA,NA,NA
"HCR#9 A41 67","female",NA,NA,NA
"HCR#9 A42 60","male",NA,NA,NA
"HCR#9 A43 60","female",NA,NA,NA
"HCR#9 A45 69","female",NA,NA,NA
"HCR#9 A47 54","female",NA,NA,NA
"HCR#9 A48 48","male",NA,NA,NA
"HCR#9 A49 52","male",NA,NA,NA
"HCR#9 A53 50","male",NA,NA,NA
"HCR#9 A54 52","male",NA,NA,NA
"HCR#9 A55 45","female",NA,NA,NA
"HCR#9 A56 45","male",NA,NA,NA
"HCR#9 B21 70","female",NA,NA,NA
"HCR#9 B27 77","female",NA,NA,NA
