"wormID","SEX","anterior cluster","gonial cluster","tail"
"HCR#9 A40","male",NA,0.133333333333333,0
"HCR#9 A42","male",1,0.25,NA
"HCR#9 A48","male",NA,0.285714285714286,1
"HCR#9 A49","male",NA,0.4,0
"HCR#9 A53","male",NA,1,1
"HCR#9 A54","male",NA,0,1
"HCR#9 A56","male",NA,0.142857142857143,0
"HCR#9 A36","female",NA,1,1
"HCR#9 A41","female",NA,0.666666666666667,1
"HCR#9 A43","female",1,0.7,NA
"HCR#9 A45","female",NA,1,1
"HCR#9 A47","female",NA,0.6,0
"HCR#9 A55","female",NA,1,1
"HCR#9 B21","female",NA,1,NA
"HCR#9 B27","female",NA,1,0
