"wormID","SEX","anterior cluster","gonial cluster","tail"
"HCR#10 Ind1 57","female",1,1,NA
"HCR#10 Ind2 65","male",1,1,NA
"HCR#10 Ind3 48","unknown",1,1,1
"HCR#10 Ind4 49","female",1,1,1
"HCR#10 Ind5 50","male",1,NA,NA
"HCR#10 Ind6 42","unknown",NA,NA,1
"HCR#12 Ind1 47","unknown",0,NA,0
"HCR#12 Ind10 41","unknown",0,NA,0
"HCR#12 Ind2 40","male",0,0.5,0
"HCR#12 Ind3 44","unknown",0,NA,0
"HCR#12 Ind4 43","male",1,0,0
"HCR#12 Ind5 50-59","female",0,0.428571428571429,NA
"HCR#12 Ind6 43","male",0,0.142857142857143,0
"HCR#12 Ind7 40-49","female",1,0.75,NA
"HCR#12 Ind8 51","male",0,0.666666666666667,0
"HCR#12 Ind9 52","male",1,0.333333333333333,0
"HCR#20 Ind1 52","unknown",NA,NA,NA
"HCR#20 Ind2 64","unknown",NA,NA,NA
"HCR#20 Ind3 60-69","unknown",NA,NA,NA
"HCR#20 Ind4 51","unknown",NA,NA,NA
"HCR#20 Ind5 60","unknown",NA,NA,NA
"HCR#20 Ind6 55","unknown",NA,NA,NA
