﻿DATE,SEX,VALUE,PLACE
2021-01-12,FEMALE,1,MBL
2021-01-15,FEMALE,7,MBL
2021-01-19,FEMALE,8,MBL
2021-01-22,FEMALE,0,MBL
2021-02-09,FEMALE,3,MBL
2021-02-12,FEMALE,15,MBL
2021-02-16,FEMALE,0,MBL
2021-02-19,FEMALE,6,MBL
2021-03-09,FEMALE,3,MBL
2021-03-12,FEMALE,3,MBL
2021-03-14,FEMALE,2,MBL
2021-03-12,FEMALE,0,MBL
2021-03-15,FEMALE,4,MBL
2021-03-16,FEMALE,3,MBL
2021-03-19,FEMALE,4,MBL
2021-03-22,FEMALE,2,MBL
2021-04-06,FEMALE,0,MBL
2021-04-09,FEMALE,16,MBL
2021-04-12,FEMALE,10,MBL
2021-04-13,FEMALE,1,MBL
2021-04-16,FEMALE,2,MBL
2021-05-04,FEMALE,5,MBL
2021-05-07,FEMALE,3,MBL
2021-05-11,FEMALE,1,MBL
2021-05-14,FEMALE,7,MBL
2021-06-01,FEMALE,3,MBL
2021-06-03,FEMALE,1,MBL
2021-06-08,FEMALE,7,MBL
2021-06-11,FEMALE,4,MBL
2021-06-29,FEMALE,5,MBL
2021-06-30,FEMALE,3,MBL
2021-07-02,FEMALE,4,MBL
2021-07-05,FEMALE,11,MBL
2021-07-07,FEMALE,0,MBL
2021-07-27,FEMALE,7,MBL
2021-07-30,FEMALE,2,MBL
2021-08-03,FEMALE,6,MBL
2021-08-04,FEMALE,10,MBL
2021-08-04,FEMALE,0,MBL
2021-08-24,FEMALE,6,MBL
2021-08-27,FEMALE,8,MBL
2021-08-31,FEMALE,6,MBL
2021-09-03,FEMALE,5,MBL
2021-09-09,FEMALE,1,MBL
2021-09-21,FEMALE,23,MBL
2021-09-24,FEMALE,2,MBL
2021-09-28,FEMALE,20,MBL
2021-10-01,FEMALE,7,MBL
2021-10-19,FEMALE,0,MBL
2021-10-22,FEMALE,4,MBL
2021-10-26,FEMALE,2,MBL
2021-10-29,FEMALE,5,MBL
2021-11-16,FEMALE,2,MBL
2021-11-19,FEMALE,0,MBL
2021-11-23,FEMALE,4,MBL
2021-11-29,FEMALE,5,MBL
2021-12-14,FEMALE,13,MBL
2021-12-17,FEMALE,5,MBL
2021-12-21,FEMALE,9,MBL
2021-12-23,FEMALE,7,MBL
2022-01-11,FEMALE,6,MBL
2022-01-14,FEMALE,6,MBL
2022-01-18,FEMALE,2,MBL
2022-01-21,FEMALE,2,MBL
2022-02-08,FEMALE,5,MBL
2022-02-11,FEMALE,10,MBL
2022-02-16,FEMALE,3,MBL
2022-02-18,FEMALE,4,MBL
2022-03-07,FEMALE,5,MBL
2022-03-08,FEMALE,0,MBL
2022-03-09,FEMALE,0,MBL
2022-03-10,FEMALE,0,MBL
2022-03-11,FEMALE,0,MBL
2022-03-15,FEMALE,14,MBL
2022-03-17,FEMALE,3,MBL
2022-04-01,FEMALE,5,MBL
2022-04-05,FEMALE,4,MBL
2022-04-06,FEMALE,0,MBL
2022-04-07,FEMALE,0,MBL
2022-04-08,FEMALE,6,MBL
2022-04-11,FEMALE,0,MBL
2022-04-13,FEMALE,,MBL
2022-04-15,FEMALE,4,MBL
2022-04-19,FEMALE,,MBL
2022-04-21,FEMALE,,MBL
2022-04-26,FEMALE,,MBL
2022-04-29,FEMALE,6,MBL
2022-05-03,FEMALE,9,MBL
2022-05-04,FEMALE,,MBL
2022-05-06,FEMALE,4,MBL
2022-05-10,FEMALE,6,MBL
2022-05-12,FEMALE,,MBL
2022-05-13,FEMALE,2,MBL
2022-05-16,FEMALE,0,MBL
2022-05-24,FEMALE,,MBL
2022-05-26,FEMALE,,MBL
2022-05-27,FEMALE,7,MBL
2022-05-31,FEMALE,5,MBL
2022-06-02,FEMALE,5,MBL
2022-06-06,FEMALE,3,MBL
2022-06-07,FEMALE,1,MBL
2022-06-10,FEMALE,,MBL
2022-06-28,FEMALE,3,MBL
2022-06-29,FEMALE,,MBL
2022-07-01,FEMALE,5,MBL
2022-07-05,FEMALE,10,MBL
2022-07-08,FEMALE,1,MBL
2022-07-27,FEMALE,12,MBL
2022-07-29,FEMALE,5,MBL
2022-08-02,FEMALE,6,MBL
2022-08-04,FEMALE,2,MBL
2022-08-23,FEMALE,3,MBL
2022-08-26,FEMALE,1,MBL
2022-08-30,FEMALE,3,MBL
2022-09-02,FEMALE,2,MBL
2022-07-29,FEMALE,0,WASHU
2022-08-01,FEMALE,0,WASHU
2022-08-05,FEMALE,0,WASHU
2022-08-09,FEMALE,1,WASHU
2022-08-19,FEMALE,0,WASHU
2022-08-26,FEMALE,1,WASHU
2022-08-30,FEMALE,1,WASHU
2022-09-05,FEMALE,0,WASHU
2022-09-08,FEMALE,1,WASHU
2022-09-13,FEMALE,0,WASHU
2022-09-23,FEMALE,0,WASHU
2022-09-26,FEMALE,1,WASHU
2022-09-28,FEMALE,2,WASHU
2022-09-30,FEMALE,2,WASHU
2022-10-05,FEMALE,0,WASHU
2022-10-05,FEMALE,0,WASHU
2022-10-07,FEMALE,1,WASHU
2022-10-11,FEMALE,0,WASHU
2022-10-12,FEMALE,0,WASHU
2022-10-14,FEMALE,,WASHU
2022-10-18,FEMALE,3,WASHU
2022-10-19,FEMALE,1,WASHU
2022-10-21,FEMALE,,WASHU
2022-10-25,FEMALE,7,WASHU
2022-10-28,FEMALE,6,WASHU
2022-11-01,FEMALE,2,WASHU
2022-11-03,FEMALE,2,WASHU
2022-11-04,FEMALE,,WASHU
2022-11-07,FEMALE,,WASHU
2022-11-08,FEMALE,4,WASHU
2022-11-10,FEMALE,,WASHU
2022-11-11,FEMALE,3,WASHU
2022-11-14,FEMALE,4,WASHU
2022-11-15,FEMALE,,WASHU
2022-11-17,FEMALE,,WASHU
2022-11-18,FEMALE,8,WASHU
2022-11-21,FEMALE,2,WASHU
2022-11-28,FEMALE,,WASHU
2022-12-02,FEMALE,6,WASHU
2022-12-05,FEMALE,1,WASHU
2022-12-06,FEMALE,2,WASHU
2022-12-07,FEMALE,,WASHU
2022-12-09,FEMALE,,WASHU
2022-12-12,FEMALE,1,WASHU
2022-12-13,FEMALE,,WASHU
2022-12-14,FEMALE,,WASHU
2022-12-16,FEMALE,,WASHU
2022-12-19,FEMALE,5,WASHU
2022-12-20,FEMALE,,WASHU
2022-12-21,FEMALE,1,WASHU
2022-12-30,FEMALE,2,WASHU
2023-01-10,FEMALE,,WASHU
2023-01-12,FEMALE,3,WASHU
2023-01-13,FEMALE,3,WASHU
2023-01-17,FEMALE,1,WASHU
2023-01-24,FEMALE,,WASHU
2023-01-26,FEMALE,1,WASHU
2023-01-27,FEMALE,,WASHU
2023-01-30,FEMALE,5,WASHU
2023-01-31,FEMALE,,WASHU
2023-02-01,FEMALE,,WASHU
2023-02-03,FEMALE,,WASHU
2023-02-06,FEMALE,3,WASHU
2023-02-07,FEMALE,3,WASHU
2023-02-08,FEMALE,,WASHU
2023-02-09,FEMALE,,WASHU
2023-02-10,FEMALE,2,WASHU
2023-02-14,FEMALE,2,WASHU
2023-02-15,FEMALE,,WASHU
2023-02-17,FEMALE,2,WASHU
2023-02-20,FEMALE,1,WASHU
2023-02-21,FEMALE,,WASHU
2023-02-22,FEMALE,6,WASHU
2023-02-24,FEMALE,1,WASHU
2023-02-27,FEMALE,2,WASHU
2023-02-28,FEMALE,3,WASHU
2023-03-01,FEMALE,2,WASHU
2023-03-03,FEMALE,1,WASHU
2023-03-06,FEMALE,5,WASHU
2023-03-07,FEMALE,3,WASHU
2023-03-08,FEMALE,,WASHU
2023-03-09,FEMALE,5,WASHU
2023-03-10,FEMALE,,WASHU
2023-03-13,FEMALE,,WASHU
2023-03-14,FEMALE,,WASHU
2023-03-17,FEMALE,1,WASHU
2023-03-20,FEMALE,1,WASHU
2023-03-21,FEMALE,,WASHU
2023-03-24,FEMALE,1,WASHU
2023-03-27,FEMALE,9,WASHU
2023-03-29,FEMALE,3,WASHU
2023-03-31,FEMALE,,WASHU
2023-04-02,FEMALE,8,WASHU
2023-04-04,FEMALE,1,WASHU
2023-04-05,FEMALE,5,WASHU
2023-04-06,FEMALE,,WASHU
2023-04-07,FEMALE,,WASHU
2023-04-10,FEMALE,,WASHU
2023-04-14,FEMALE,1,WASHU
2023-04-17,FEMALE,2,WASHU
2023-04-21,FEMALE,4,WASHU
2023-04-24,FEMALE,9,WASHU
2023-04-25,FEMALE,3,WASHU
2023-04-26,FEMALE,13,WASHU
2023-04-28,FEMALE,4,WASHU
2023-05-01,FEMALE,4,WASHU
2023-05-02,FEMALE,7,WASHU
2023-05-03,FEMALE,15,WASHU
2023-05-08,FEMALE,5,WASHU
2023-05-09,FEMALE,8,WASHU
2023-05-11,FEMALE,1,WASHU
2023-05-12,FEMALE,2,WASHU
2023-05-16,FEMALE,8,WASHU
2023-05-17,FEMALE,,WASHU
2023-05-18,FEMALE,,WASHU
2023-05-19,FEMALE,8,WASHU
2023-05-22,FEMALE,30,WASHU
2023-05-23,FEMALE,,WASHU
2023-05-24,FEMALE,4,WASHU
2023-05-25,FEMALE,2,WASHU
2023-05-26,FEMALE,9,WASHU
2023-05-30,FEMALE,14,WASHU
2023-05-31,FEMALE,23,WASHU
2023-06-01,FEMALE,,WASHU
2023-06-02,FEMALE,22,WASHU
2023-06-06,FEMALE,14,WASHU
2023-06-12,FEMALE,11,WASHU
2023-06-13,FEMALE,1,WASHU
2023-06-15,FEMALE,7,WASHU
2023-06-16,FEMALE,5,WASHU
2023-06-19,FEMALE,13,WASHU
2023-06-20,FEMALE,7,WASHU
2023-06-21,FEMALE,15,WASHU
2023-06-21,FEMALE,1,WASHU
2023-06-27,FEMALE,16,WASHU
2023-06-21,FEMALE,1,WASHU
2023-06-28,FEMALE,10,WASHU
2023-06-28,FEMALE,2,WASHU
2023-06-30,FEMALE,4,WASHU
2023-07-03,FEMALE,,WASHU
2023-07-05,FEMALE,1,WASHU
2023-07-11,FEMALE,4,WASHU
2023-07-12,FEMALE,9,WASHU
2023-07-13,FEMALE,4,WASHU
2023-07-18,FEMALE,5,WASHU
2023-07-19,FEMALE,18,WASHU
2023-07-20,FEMALE,2,WASHU
2023-07-21,FEMALE,4,WASHU
2023-07-24,FEMALE,27,WASHU
2023-07-25,FEMALE,3,WASHU
2023-07-26,FEMALE,19,WASHU
2023-07-28,FEMALE,5,WASHU
2023-08-01,FEMALE,8,WASHU
2023-08-03,FEMALE,2,WASHU
2023-08-04,FEMALE,21,WASHU
2023-08-04,FEMALE,15,WASHU
2023-08-07,FEMALE,1,WASHU
2023-08-08,FEMALE,9,WASHU
2023-08-11,FEMALE,10,WASHU
2023-08-14,FEMALE,34,WASHU
2023-08-15,FEMALE,,WASHU
2023-08-16,FEMALE,8,WASHU
2023-08-17,FEMALE,,WASHU
2023-08-18,FEMALE,13,WASHU
2023-08-21,FEMALE,,WASHU
2023-08-22,FEMALE,18,WASHU
2023-08-23,FEMALE,11,WASHU
2023-08-25,FEMALE,29,WASHU
2023-08-28,FEMALE,,WASHU
2023-08-31,FEMALE,6,WASHU
2023-09-01,FEMALE,7,WASHU
2023-09-08,FEMALE,6,WASHU
2023-09-11,FEMALE,38,WASHU
2023-09-12,FEMALE,,WASHU
2023-09-13,FEMALE,12,WASHU
2023-09-14,FEMALE,1,WASHU
2023-09-15,FEMALE,1,WASHU
2023-09-18,FEMALE,19,WASHU
2023-09-19,FEMALE,2,WASHU
2023-09-20,FEMALE,1,WASHU
2023-09-21,FEMALE,,WASHU
2023-09-22,FEMALE,,WASHU
2023-09-23,FEMALE,,WASHU
2023-09-25,FEMALE,,WASHU
2023-09-26,FEMALE,,WASHU
2023-09-27,FEMALE,,WASHU
2023-09-28,FEMALE,9,WASHU
2023-09-29,FEMALE,15,WASHU
2023-10-02,FEMALE,22,WASHU
2023-10-03,FEMALE,1,WASHU
2023-10-04,FEMALE,8,WASHU
2023-10-06,FEMALE,17,WASHU
2023-10-09,FEMALE,21,WASHU
2023-10-16,FEMALE,20,WASHU
2023-10-11,FEMALE,,WASHU
2023-10-12,FEMALE,7,WASHU
2023-10-13,FEMALE,13,WASHU
2023-10-16,FEMALE,4,WASHU
2023-10-17,FEMALE,7,WASHU
2023-10-18,FEMALE,1,WASHU
2023-10-20,FEMALE,8,WASHU
2023-10-23,FEMALE,23,WASHU
2023-10-24,FEMALE,1,WASHU
2023-10-25,FEMALE,1,WASHU
2023-10-27,FEMALE,37,WASHU
2023-10-30,FEMALE,24,WASHU
2023-10-31,FEMALE,2,WASHU
2023-11-01,FEMALE,,WASHU
2023-11-03,FEMALE,5,WASHU
2023-11-06,FEMALE,29,WASHU
2023-11-07,FEMALE,8,WASHU
2023-11-08,FEMALE,4,WASHU
2023-11-09,FEMALE,3,WASHU
2023-11-13,FEMALE,17,WASHU
2023-11-14,FEMALE,9,WASHU
2023-11-15,FEMALE,47,WASHU
2023-11-17,FEMALE,6,WASHU
2023-11-20,FEMALE,1,WASHU
2023-11-22,FEMALE,5,WASHU
2023-11-22,FEMALE,1,WASHU
2023-11-28,FEMALE,5,WASHU
2023-11-29,FEMALE,6,WASHU
2023-12-01,FEMALE,5,WASHU
2023-12-04,FEMALE,22,WASHU
2023-12-05,FEMALE,2,WASHU
2023-12-06,FEMALE,3,WASHU
2023-12-07,FEMALE,3,WASHU
2023-12-08,FEMALE,4,WASHU
2023-12-11,FEMALE,32,WASHU
2023-12-12,FEMALE,7,WASHU
2023-12-13,FEMALE,32,WASHU
2023-12-14,FEMALE,,WASHU
2023-12-15,FEMALE,7,WASHU
2023-12-19,FEMALE,1,WASHU
2023-12-21,FEMALE,,WASHU
2023-12-26,FEMALE,3,WASHU
2023-12-28,FEMALE,10,WASHU
2024-01-02,FEMALE,6,WASHU
2024-01-03,FEMALE,5,WASHU
2024-01-04,FEMALE,9,WASHU
2024-01-05,FEMALE,,WASHU
2024-01-08,FEMALE,19,WASHU
2024-01-09,FEMALE,1,WASHU
2024-01-10,FEMALE,25,WASHU
2024-01-12,FEMALE,2,WASHU
2024-01-16,FEMALE,3,WASHU
2024-01-18,FEMALE,6,WASHU
2024-01-19,FEMALE,12,WASHU
2024-01-23,FEMALE,5,WASHU
2024-01-25,FEMALE,11,WASHU
2024-01-26,FEMALE,,WASHU
2024-01-29,FEMALE,28,WASHU
2025-01-30,FEMALE,,WASHU
2024-01-31,FEMALE,13,WASHU
2024-02-01,FEMALE,7,WASHU
2024-02-02,FEMALE,3,WASHU
2024-02-05,FEMALE,57,WASHU
2021-01-12,MALE,4,MBL
2021-01-15,MALE,6,MBL
2021-01-19,MALE,6,MBL
2021-01-22,MALE,1,MBL
2021-02-09,MALE,9,MBL
2021-02-12,MALE,12,MBL
2021-02-16,MALE,1,MBL
2021-02-19,MALE,3,MBL
2021-03-09,MALE,9,MBL
2021-03-12,MALE,6,MBL
2021-03-14,MALE,2,MBL
2021-03-12,MALE,1,MBL
2021-03-15,MALE,0,MBL
2021-03-16,MALE,7,MBL
2021-03-19,MALE,9,MBL
2021-03-22,MALE,4,MBL
2021-04-06,MALE,2,MBL
2021-04-09,MALE,5,MBL
2021-04-12,MALE,7,MBL
2021-04-13,MALE,3,MBL
2021-04-16,MALE,2,MBL
2021-05-04,MALE,6,MBL
2021-05-07,MALE,2,MBL
2021-05-11,MALE,2,MBL
2021-05-14,MALE,5,MBL
2021-06-01,MALE,0,MBL
2021-06-03,MALE,3,MBL
2021-06-08,MALE,14,MBL
2021-06-11,MALE,5,MBL
2021-06-29,MALE,2,MBL
2021-06-30,MALE,1,MBL
2021-07-02,MALE,2,MBL
2021-07-05,MALE,10,MBL
2021-07-07,MALE,0,MBL
2021-07-27,MALE,2,MBL
2021-07-30,MALE,4,MBL
2021-08-03,MALE,11,MBL
2021-08-04,MALE,9,MBL
2021-08-04,MALE,0,MBL
2021-08-24,MALE,4,MBL
2021-08-27,MALE,4,MBL
2021-08-31,MALE,5,MBL
2021-09-03,MALE,4,MBL
2021-09-09,MALE,2,MBL
2021-09-21,MALE,7,MBL
2021-09-24,MALE,1,MBL
2021-09-28,MALE,35,MBL
2021-10-01,MALE,3,MBL
2021-10-19,MALE,1,MBL
2021-10-22,MALE,1,MBL
2021-10-26,MALE,5,MBL
2021-10-29,MALE,9,MBL
2021-11-16,MALE,4,MBL
2021-11-19,MALE,0,MBL
2021-11-23,MALE,2,MBL
2021-11-29,MALE,3,MBL
2021-12-14,MALE,10,MBL
2021-12-17,MALE,7,MBL
2021-12-21,MALE,6,MBL
2021-12-23,MALE,7,MBL
2022-01-11,MALE,11,MBL
2022-01-14,MALE,5,MBL
2022-01-18,MALE,7,MBL
2022-01-21,MALE,2,MBL
2022-02-08,MALE,5,MBL
2022-02-11,MALE,10,MBL
2022-02-16,MALE,6,MBL
2022-02-18,MALE,4,MBL
2022-03-07,MALE,2,MBL
2022-03-08,MALE,1,MBL
2022-03-09,MALE,0,MBL
2022-03-10,MALE,1,MBL
2022-03-11,MALE,1,MBL
2022-03-15,MALE,5,MBL
2022-03-17,MALE,3,MBL
2022-04-01,MALE,5,MBL
2022-04-05,MALE,3,MBL
2022-04-06,MALE,0,MBL
2022-04-07,MALE,2,MBL
2022-04-08,MALE,6,MBL
2022-04-11,MALE,0,MBL
2022-04-13,MALE,,MBL
2022-04-15,MALE,3,MBL
2022-04-19,MALE,,MBL
2022-04-21,MALE,,MBL
2022-04-26,MALE,,MBL
2022-04-29,MALE,8,MBL
2022-05-03,MALE,3,MBL
2022-05-04,MALE,,MBL
2022-05-06,MALE,7,MBL
2022-05-10,MALE,5,MBL
2022-05-12,MALE,,MBL
2022-05-13,MALE,1,MBL
2022-05-16,MALE,0,MBL
2022-05-24,MALE,,MBL
2022-05-26,MALE,2,MBL
2022-05-27,MALE,12,MBL
2022-05-31,MALE,7,MBL
2022-06-02,MALE,4,MBL
2022-06-06,MALE,4,MBL
2022-06-07,MALE,1,MBL
2022-06-10,MALE,,MBL
2022-06-28,MALE,7,MBL
2022-06-29,MALE,,MBL
2022-07-01,MALE,2,MBL
2022-07-05,MALE,1,MBL
2022-07-08,MALE,2,MBL
2022-07-27,MALE,4,MBL
2022-07-29,MALE,3,MBL
2022-08-02,MALE,6,MBL
2022-08-04,MALE,0,MBL
2022-08-23,MALE,2,MBL
2022-08-26,MALE,1,MBL
2022-08-30,MALE,3,MBL
2022-09-02,MALE,2,MBL
2022-07-29,MALE,1,WASHU
2022-08-01,MALE,2,WASHU
2022-08-05,MALE,2,WASHU
2022-08-09,MALE,0,WASHU
2022-08-19,MALE,1,WASHU
2022-08-26,MALE,0,WASHU
2022-08-30,MALE,0,WASHU
2022-09-05,MALE,1,WASHU
2022-09-08,MALE,0,WASHU
2022-09-13,MALE,1,WASHU
2022-09-23,MALE,1,WASHU
2022-09-26,MALE,0,WASHU
2022-09-28,MALE,0,WASHU
2022-09-30,MALE,0,WASHU
2022-10-05,MALE,0,WASHU
2022-10-05,MALE,4,WASHU
2022-10-07,MALE,2,WASHU
2022-10-11,MALE,2,WASHU
2022-10-12,MALE,0,WASHU
2022-10-14,MALE,,WASHU
2022-10-18,MALE,0,WASHU
2022-10-19,MALE,2,WASHU
2022-10-21,MALE,,WASHU
2022-10-25,MALE,7,WASHU
2022-10-28,MALE,2,WASHU
2022-11-01,MALE,3,WASHU
2022-11-03,MALE,0,WASHU
2022-11-04,MALE,,WASHU
2022-11-07,MALE,1,WASHU
2022-11-08,MALE,5,WASHU
2022-11-10,MALE,,WASHU
2022-11-11,MALE,2,WASHU
2022-11-14,MALE,4,WASHU
2022-11-15,MALE,,WASHU
2022-11-17,MALE,,WASHU
2022-11-18,MALE,4,WASHU
2022-11-21,MALE,1,WASHU
2022-11-28,MALE,,WASHU
2022-12-02,MALE,4,WASHU
2022-12-05,MALE,1,WASHU
2022-12-06,MALE,2,WASHU
2022-12-07,MALE,,WASHU
2022-12-09,MALE,2,WASHU
2022-12-12,MALE,,WASHU
2022-12-13,MALE,2,WASHU
2022-12-14,MALE,,WASHU
2022-12-16,MALE,1,WASHU
2022-12-19,MALE,2,WASHU
2022-12-20,MALE,3,WASHU
2022-12-21,MALE,,WASHU
2022-12-30,MALE,7,WASHU
2023-01-10,MALE,3,WASHU
2023-01-12,MALE,1,WASHU
2023-01-13,MALE,2,WASHU
2023-01-17,MALE,1,WASHU
2023-01-24,MALE,2,WASHU
2023-01-26,MALE,1,WASHU
2023-01-27,MALE,,WASHU
2023-01-30,MALE,6,WASHU
2023-01-31,MALE,,WASHU
2023-02-01,MALE,1,WASHU
2023-02-03,MALE,2,WASHU
2023-02-06,MALE,5,WASHU
2023-02-07,MALE,2,WASHU
2023-02-08,MALE,,WASHU
2023-02-09,MALE,,WASHU
2023-02-10,MALE,1,WASHU
2023-02-14,MALE,,WASHU
2023-02-15,MALE,,WASHU
2023-02-17,MALE,1,WASHU
2023-02-20,MALE,2,WASHU
2023-02-21,MALE,,WASHU
2023-02-22,MALE,2,WASHU
2023-02-24,MALE,1,WASHU
2023-02-27,MALE,4,WASHU
2023-02-28,MALE,,WASHU
2023-03-01,MALE,,WASHU
2023-03-03,MALE,1,WASHU
2023-03-06,MALE,2,WASHU
2023-03-07,MALE,4,WASHU
2023-03-08,MALE,2,WASHU
2023-03-09,MALE,1,WASHU
2023-03-10,MALE,1,WASHU
2023-03-13,MALE,,WASHU
2023-03-14,MALE,,WASHU
2023-03-17,MALE,2,WASHU
2023-03-20,MALE,2,WASHU
2023-03-21,MALE,,WASHU
2023-03-24,MALE,,WASHU
2023-03-27,MALE,7,WASHU
2023-03-29,MALE,2,WASHU
2023-03-31,MALE,3,WASHU
2023-04-02,MALE,5,WASHU
2023-04-04,MALE,2,WASHU
2023-04-05,MALE,2,WASHU
2023-04-06,MALE,,WASHU
2023-04-07,MALE,,WASHU
2023-04-10,MALE,,WASHU
2023-04-14,MALE,3,WASHU
2023-04-17,MALE,3,WASHU
2023-04-21,MALE,4,WASHU
2023-04-24,MALE,9,WASHU
2023-04-25,MALE,10,WASHU
2023-04-26,MALE,10,WASHU
2023-04-28,MALE,5,WASHU
2023-05-01,MALE,7,WASHU
2023-05-02,MALE,2,WASHU
2023-05-03,MALE,13,WASHU
2023-05-08,MALE,4,WASHU
2023-05-09,MALE,8,WASHU
2023-05-11,MALE,2,WASHU
2023-05-12,MALE,3,WASHU
2023-05-16,MALE,12,WASHU
2023-05-17,MALE,,WASHU
2023-05-18,MALE,,WASHU
2023-05-19,MALE,13,WASHU
2023-05-22,MALE,22,WASHU
2023-05-23,MALE,9,WASHU
2023-05-24,MALE,4,WASHU
2023-05-25,MALE,1,WASHU
2023-05-26,MALE,12,WASHU
2023-05-30,MALE,19,WASHU
2023-05-31,MALE,15,WASHU
2023-06-01,MALE,,WASHU
2023-06-02,MALE,13,WASHU
2023-06-06,MALE,14,WASHU
2023-06-12,MALE,5,WASHU
2023-06-13,MALE,,WASHU
2023-06-15,MALE,5,WASHU
2023-06-16,MALE,3,WASHU
2023-06-19,MALE,13,WASHU
2023-06-20,MALE,9,WASHU
2023-06-21,MALE,9,WASHU
2023-06-21,MALE,,WASHU
2023-06-27,MALE,36,WASHU
2023-06-21,MALE,1,WASHU
2023-06-28,MALE,16,WASHU
2023-06-28,MALE,1,WASHU
2023-06-30,MALE,1,WASHU
2023-07-03,MALE,,WASHU
2023-07-05,MALE,2,WASHU
2023-07-11,MALE,10,WASHU
2023-07-12,MALE,13,WASHU
2023-07-13,MALE,1,WASHU
2023-07-18,MALE,4,WASHU
2023-07-19,MALE,19,WASHU
2023-07-20,MALE,4,WASHU
2023-07-21,MALE,3,WASHU
2023-07-24,MALE,24,WASHU
2023-07-25,MALE,1,WASHU
2023-07-26,MALE,11,WASHU
2023-07-28,MALE,3,WASHU
2023-08-01,MALE,7,WASHU
2023-08-03,MALE,4,WASHU
2023-08-04,MALE,20,WASHU
2023-08-04,MALE,13,WASHU
2023-08-07,MALE,,WASHU
2023-08-08,MALE,3,WASHU
2023-08-11,MALE,9,WASHU
2023-08-14,MALE,34,WASHU
2023-08-15,MALE,9,WASHU
2023-08-16,MALE,12,WASHU
2023-08-17,MALE,1,WASHU
2023-08-18,MALE,7,WASHU
2023-08-21,MALE,,WASHU
2023-08-22,MALE,15,WASHU
2023-08-23,MALE,18,WASHU
2023-08-25,MALE,19,WASHU
2023-08-28,MALE,,WASHU
2023-08-31,MALE,,WASHU
2023-09-01,MALE,10,WASHU
2023-09-08,MALE,4,WASHU
2023-09-11,MALE,26,WASHU
2023-09-12,MALE,2,WASHU
2023-09-13,MALE,8,WASHU
2023-09-14,MALE,3,WASHU
2023-09-15,MALE,,WASHU
2023-09-18,MALE,7,WASHU
2023-09-19,MALE,3,WASHU
2023-09-20,MALE,,WASHU
2023-09-21,MALE,,WASHU
2023-09-22,MALE,,WASHU
2023-09-23,MALE,,WASHU
2023-09-25,MALE,,WASHU
2023-09-26,MALE,,WASHU
2023-09-27,MALE,,WASHU
2023-09-28,MALE,8,WASHU
2023-09-29,MALE,8,WASHU
2023-10-02,MALE,20,WASHU
2023-10-03,MALE,5,WASHU
2023-10-04,MALE,5,WASHU
2023-10-06,MALE,12,WASHU
2023-10-09,MALE,21,WASHU
2023-10-16,MALE,16,WASHU
2023-10-11,MALE,1,WASHU
2023-10-12,MALE,4,WASHU
2023-10-13,MALE,6,WASHU
2023-10-16,MALE,3,WASHU
2023-10-17,MALE,4,WASHU
2023-10-18,MALE,,WASHU
2023-10-20,MALE,6,WASHU
2023-10-23,MALE,13,WASHU
2023-10-24,MALE,5,WASHU
2023-10-25,MALE,5,WASHU
2023-10-27,MALE,17,WASHU
2023-10-30,MALE,12,WASHU
2023-10-31,MALE,3,WASHU
2023-11-01,MALE,,WASHU
2023-11-03,MALE,6,WASHU
2023-11-06,MALE,10,WASHU
2023-11-07,MALE,9,WASHU
2023-11-08,MALE,4,WASHU
2023-11-09,MALE,4,WASHU
2023-11-13,MALE,35,WASHU
2023-11-14,MALE,3,WASHU
2023-11-15,MALE,39,WASHU
2023-11-17,MALE,7,WASHU
2023-11-20,MALE,2,WASHU
2023-11-22,MALE,9,WASHU
2023-11-22,MALE,,WASHU
2023-11-28,MALE,17,WASHU
2023-11-29,MALE,9,WASHU
2023-12-01,MALE,3,WASHU
2023-12-04,MALE,17,WASHU
2023-12-05,MALE,2,WASHU
2023-12-06,MALE,4,WASHU
2023-12-07,MALE,1,WASHU
2023-12-08,MALE,3,WASHU
2023-12-11,MALE,14,WASHU
2023-12-12,MALE,9,WASHU
2023-12-13,MALE,21,WASHU
2023-12-14,MALE,,WASHU
2023-12-15,MALE,11,WASHU
2023-12-19,MALE,,WASHU
2023-12-21,MALE,,WASHU
2023-12-26,MALE,3,WASHU
2023-12-28,MALE,6,WASHU
2024-01-02,MALE,6,WASHU
2024-01-03,MALE,12,WASHU
2024-01-04,MALE,21,WASHU
2024-01-05,MALE,,WASHU
2024-01-08,MALE,2,WASHU
2024-01-09,MALE,3,WASHU
2024-01-10,MALE,18,WASHU
2024-01-12,MALE,4,WASHU
2024-01-16,MALE,1,WASHU
2024-01-18,MALE,2,WASHU
2024-01-19,MALE,16,WASHU
2024-01-23,MALE,6,WASHU
2024-01-25,MALE,3,WASHU
2024-01-26,MALE,1,WASHU
2024-01-29,MALE,26,WASHU
2025-01-30,MALE,,WASHU
2024-01-31,MALE,9,WASHU
2024-02-01,MALE,5,WASHU
2024-02-02,MALE,3,WASHU
2024-02-05,MALE,58,WASHU
,,,
,,,
,,,
,,,
,,,
,,,
,,,
,,,
,,,
,,,
,,,
,,,
,,,
,,,
,,,
,,,
,,,
,,,
,,,
,,,
,,,
,,,
,,,
,,,
,,,
,,,
,,,
,,,
,,,
,,,
,,,
,,,
,,,
,,,
,,,
,,,
,,,
,,,
,,,
,,,
,,,
,,,
,,,
,,,
,,,
,,,
,,,
,,,
,,,
,,,
,,,
,,,
,,,
,,,
,,,
,,,
,,,
,,,
,,,
,,,
,,,
,,,
,,,
,,,
,,,
,,,
,,,
,,,
,,,
,,,
,,,
,,,
,,,
,,,
,,,
,,,
,,,
,,,
,,,
,,,
,,,
,,,
,,,
,,,
,,,
,,,
,,,
,,,
,,,
,,,
,,,
,,,
,,,
,,,
,,,
,,,
,,,
,,,
,,,
,,,
,,,
,,,
,,,
,,,
,,,
,,,
,,,
,,,
,,,
,,,
,,,
,,,
,,,
,,,
,,,
,,,
,,,
,,,
,,,
,,,
,,,
,,,
,,,
,,,
,,,
,,,
,,,
,,,
,,,
,,,
,,,
,,,
,,,
,,,
,,,
,,,
,,,
,,,
,,,
,,,
,,,
,,,
,,,
,,,
,,,
,,,
,,,
,,,
,,,
,,,
,,,
,,,
,,,
,,,
,,,
,,,
,,,
,,,
,,,
,,,
,,,
,,,
,,,
,,,
,,,
,,,
,,,
,,,
,,,
,,,
,,,
,,,
,,,
,,,
,,,
,,,
,,,
,,,
,,,
,,,
,,,
,,,
,,,
,,,
,,,
,,,
,,,
,,,
,,,
,,,
,,,
,,,
,,,
,,,
,,,
,,,
,,,
,,,
,,,
,,,
,,,
,,,
,,,
,,,
,,,
,,,
,,,
,,,
,,,
,,,
,,,
,,,
,,,
,,,
,,,
,,,
,,,
,,,
,,,
,,,
,,,
,,,
,,,
,,,
,,,
,,,
,,,
,,,
,,,
,,,
,,,
,,,
,,,
,,,
,,,
,,,
,,,
,,,
,,,
,,,
,,,
,,,
,,,
,,,
,,,
,,,
,,,
,,,
,,,
,,,
,,,
,,,
,,,
,,,
,,,
,,,
,,,
,,,
,,,
,,,